0,0.7114793504114008,1.716288168648058,1.5752413274556223,1.716288168648058,1.0,0.0,1.0,1.0,0.0,0.0,0.5867850958829727,-0.3275117285560294,-0.0775638730734709,-0.7220391864453268,0.3854712226966839,1.435494683897382
1,7.226356245913706,2.0472817450785668,2.0472817450785668,3.26903982801004,0.0,0.0,0.0,0.0,1.0,1.0,2.035438147742642,1.9324479854843624,3.49101549581414,0.35698669453314913,2.568918892633233,2.763491217138723
0,3.7430407586935233,6.136573942683532,5.047076275898913,6.136573942683532,1.0,0.0,1.0,0.0,1.0,0.0,-0.1236832918596924,3.1180307701743137,2.0109404482134092,2.779958389241978,0.8743159344655691,1.5236901513604586
1,5.870600566879602,2.8445856959987394,2.8445856959987394,5.425234824758149,1.0,0.0,1.0,0.0,0.0,0.0,1.224662898683132,0.8992853041488073,0.7096026340565885,0.9536517870557538,2.1575642705579208,0.9427036883104153
1,2.5675394776006253,1.5203271510986196,1.5203271510986196,1.9437905997984986,0.0,1.0,1.0,0.0,0.0,0.0,0.6102858826579249,-0.5080116935919636,0.7974054710717886,1.2499715281085695,0.9315048035159577,1.8967316408767079
1,6.383863740989166,4.843894891810431,4.843894891810431,5.720729999846351,1.0,1.0,1.0,0.0,1.0,0.0,0.726002925675954,1.3296775975851496,1.9359104496173616,2.6439882082608426,3.0345804528851477,1.2991574407793345
1,6.064560901709631,2.1497645406524564,2.1497645406524564,5.461350544178517,1.0,1.0,1.0,0.0,0.0,0.0,1.7543969929002916,-0.2951523363696784,1.7878556972002018,0.66471519607305,1.9153214829326157,1.8539311727330463
1,0.6964180445365804,1.3826348968337707,1.3826348968337707,3.1464378763709004,0.0,0.0,0.0,0.0,1.0,0.0,0.15590526939646898,0.5043281826230523,-0.403403167252967,0.8724488841840723,1.7384357884658062,1.2651028766837729
1,4.8141688940123935,3.4643766005783148,3.4643766005783148,7.186011241291455,1.0,1.0,0.0,0.0,0.0,0.0,0.7663182548197289,2.0321238166820423,1.3661201280022537,1.1973158769865195,0.7985669172192311,2.054239151281119
0,-1.4440586871574588,-0.6130009958428414,-2.6411434220880152,-0.6130009958428414,0.0,0.0,0.0,0.0,0.0,0.0,-0.575339302687736,-1.1525654760557615,-1.4603441324416966,-1.345029657755272,0.9053375589068018,-0.6081473140125939
1,1.313746624365078,0.17567742662957198,0.17567742662957198,3.0931802843876324,0.0,0.0,0.0,0.0,1.0,0.0,-0.11714650040640928,0.8218798821120287,0.3364767640104445,0.31577407793424067,4.265746315231597,0.35890361076599864
0,0.807504034217871,2.558469703993278,1.8685487106455032,2.558469703993278,0.0,1.0,0.0,0.0,1.0,0.0,0.4592895391402402,1.2213647631748332,1.4855356360588567,1.3967098334680599,1.4059170461838573,1.052615954177133
1,4.67783324418149,3.227322883844085,3.227322883844085,5.43845960123227,0.0,1.0,1.0,1.0,1.0,1.0,1.4378072352813995,0.25964035683848996,0.4068501820774261,1.051864463048787,0.4574277613335158,1.3808247747246816
0,1.382461488094046,2.3746982193684714,1.0375849627242766,2.3746982193684714,0.0,1.0,1.0,0.0,0.0,0.0,-0.4301544291102988,0.4707584216949823,-0.32567612172431537,0.06943054813032656,0.19311650845269757,1.43175809625192
1,2.3934754558035465,0.7078119373236037,0.7078119373236037,2.2269124771434092,0.0,0.0,1.0,0.0,1.0,1.0,0.1960209112494572,-0.25053942872072077,-1.0675303236477178,-0.2658758466324671,0.14995343264722005,1.6775840013354182
1,2.0776756739522586,0.3095892231132914,0.3095892231132914,3.7819873564416033,0.0,0.0,0.0,1.0,1.0,1.0,0.6843939549670819,0.4881372530479612,1.7045269730250294,-0.4542435857618796,1.654351969451326,0.6483282728400587
1,2.283324204320796,-0.26293850033055377,-0.26293850033055377,3.9455451253071567,0.0,0.0,1.0,0.0,0.0,0.0,0.1829701588345144,0.5002029999309114,-0.24553069513335868,-0.35944348128552095,1.639789250955922,3.6852123466312716
0,3.1879637584395417,5.0586182031623235,5.634798938763971,5.0586182031623235,0.0,0.0,1.0,0.0,0.0,1.0,0.9551122548161842,1.6832519952286968,0.5063469260253121,1.2783909222949559,0.9447453031636157,3.037967564217949
1,4.278984017937976,2.8381653261464357,2.8381653261464357,3.2660308430347365,0.0,0.0,0.0,1.0,0.0,0.0,1.264277827206135,0.4844749513688563,-0.3718666968452762,-0.05220107099477489,2.4847719673891193,1.2508175330413827
0,4.780215119290134,4.768849170635765,6.0507418167091185,4.768849170635765,0.0,1.0,0.0,0.0,0.0,0.0,2.121809611140913,0.389704973625937,-0.16049619429612982,3.1811984048727044,2.4651883455485404,1.5346968689247347
0,4.894023446234292,8.56637309158101,2.822293798473524,8.56637309158101,0.0,0.0,0.0,0.0,0.0,0.0,1.6320485194155918,2.462319700234967,1.320993084927694,2.5314359954060803,2.416344822591385,2.425573523726414
0,3.77712659769234,6.24759147526443,4.444980048351103,6.24759147526443,0.0,0.0,0.0,0.0,0.0,0.0,2.254955871975664,1.7775695295089236,1.3550218178861897,2.5978566387362347,1.2914995208250817,3.038448282703552
1,3.569943763759541,1.1830204768957375,1.1830204768957375,3.0880821544105377,1.0,0.0,0.0,1.0,1.0,0.0,0.390443611893346,0.3646386494308682,2.0172287936213875,0.24800923755005022,1.350078578027033,1.7361257572991515
1,4.469708492798782,0.10172954435526016,0.10172954435526016,3.672574544535805,0.0,0.0,0.0,0.0,0.0,1.0,0.5666265773696166,1.2024828351701138,0.10085207820767672,2.8025395876007835,3.152520329737782,0.2472222527314898
0,0.8515164981728522,3.548556522439654,2.334580449157712,3.548556522439654,0.0,1.0,1.0,0.0,0.0,1.0,-0.0632927262260472,0.7845147659287436,0.02716805485810525,-0.02934514618448225,1.028362412846199,1.0503538555075331
1,0.6921171014435763,-0.07164716209626865,-0.07164716209626865,1.9528243437631168,0.0,0.0,0.0,0.0,0.0,0.0,-0.21953112336694636,-0.3255102035606361,0.32329186289756845,0.7203559850487613,1.2015216044258474,2.197914264492118
1,1.7355863346001175,0.4417572012263138,0.4417572012263138,3.364847246118142,1.0,0.0,1.0,1.0,0.0,1.0,0.1229756442854949,0.4420644208695714,1.290086950839728,-0.5448366180527588,2.0159264408864637,2.3890226530458376
1,5.254651910494582,0.8516492775578535,0.8516492775578535,2.529956080044627,1.0,1.0,1.0,0.0,0.0,0.0,0.6126378581614355,-0.9158022886128447,0.3860293889126968,0.35085091123586865,0.1473566120446288,1.061641016165051
1,1.519176331389494,1.9444163449814138,1.9444163449814138,3.1895847565724496,0.0,1.0,1.0,0.0,0.0,0.0,0.3687499615806087,0.9995633848201897,1.7565933682841355,1.4719084818812145,-0.6231962353626699,-0.2691705664339237
1,6.090852349895584,4.699868762943488,4.699868762943488,6.270422287862774,0.0,1.0,1.0,1.0,0.0,0.0,0.9935436444862614,1.588596569299213,2.418843265969996,1.4173604101543766,2.328492419814672,0.513542534782383
1,3.5515050317386967,2.3497159651651423,2.3497159651651423,6.722072500789338,1.0,1.0,0.0,1.0,0.0,0.0,0.7066517753125373,0.35185191299822843,1.08621788461212,0.6936027310662964,2.5960224949396453,1.0063173604245388
1,2.644368660708723,1.8460742820893214,1.8460742820893214,2.9197608506637738,0.0,1.0,1.0,0.0,0.0,1.0,0.15064685878164596,-0.3075033856518512,0.44095094040532046,1.8423792391475022,0.9157127173001945,0.6536741341776184
1,6.14731276103047,4.205063747702319,4.205063747702319,7.571563708345019,1.0,1.0,0.0,0.0,0.0,0.0,0.3906153845203088,1.3768888879897103,0.24661447346918275,1.0794184205912432,1.3946772688995366,0.7441762321587706
1,6.0547980598213424,4.106912910199548,4.106912910199548,5.971252484528001,0.0,0.0,1.0,1.0,0.0,0.0,1.6021362646947652,2.195976103264104,1.69167131356278,2.9342693779300273,1.9649875927278813,2.40625076745089
1,-0.3087393005369349,0.48340537889674806,0.48340537889674806,-0.8522289613053696,0.0,0.0,1.0,0.0,0.0,0.0,-0.012398923074959267,-1.181395577195279,1.4709854662775905,-0.8311547273134365,1.1766660806620184,0.4232239907466202
1,4.273587743391722,3.380748010578082,3.380748010578082,4.9417423256631245,1.0,0.0,0.0,0.0,0.0,1.0,0.46151481843779596,0.8231013661070715,1.0285501141919202,-0.32600722720847064,0.5381831449725982,-0.3208730722971924
0,2.4765881304864785,2.211907609771832,2.635923412474582,2.211907609771832,0.0,1.0,0.0,0.0,0.0,0.0,-0.5164130075819051,0.8028005616886826,-1.0765687612597394,-0.24226526183020192,0.6531587467983032,0.8480168334676079
1,2.4431141158424907,1.3635857359403176,1.3635857359403176,2.435990000808885,0.0,0.0,1.0,0.0,0.0,0.0,0.5999611988566595,-0.6617380198771292,0.6027821282188076,-0.07334083052401907,0.8375984654303958,-0.4808770521591055
1,1.2661837965027498,-0.001364296113961716,-0.001364296113961716,1.8156408841119167,0.0,0.0,1.0,1.0,1.0,1.0,-0.8087659511701482,1.2430523619090477,0.03153597426865362,0.1193482228188183,1.5153303453171438,0.2761146205149434
1,4.534513681000894,1.8023584650284288,1.8023584650284288,4.921671207363672,0.0,1.0,0.0,0.0,0.0,0.0,1.6147841165499532,0.27655937146029086,1.9558454138734944,2.586459022344858,2.716261773760601,2.011388344231923
0,0.08009906577794568,1.4786984043920564,2.341641922805949,1.4786984043920564,0.0,0.0,1.0,1.0,0.0,0.0,0.5548842028197494,0.3189313072868252,1.2032803429995866,0.9096906980824541,0.2670272526823281,0.40596520518654344
0,0.996341582646692,4.12969602254324,1.0321780576307802,4.12969602254324,1.0,0.0,0.0,1.0,1.0,0.0,0.027759556711952627,0.9771911598556471,0.8216731408400061,0.29112184048911416,0.17403463140350217,2.729649185038196
1,0.742944679305425,0.12338308939040377,0.12338308939040377,-0.40103544692113846,0.0,1.0,1.0,0.0,0.0,1.0,-0.5538864439537212,-0.48415377986439356,1.5053802442961284,-0.20885580798631986,3.150567177522481,-0.5147857931102058
1,6.008641348260183,2.442856066380865,2.442856066380865,4.1828022636573525,0.0,1.0,1.0,1.0,0.0,0.0,0.32651209627350114,-0.34969256021408235,-1.174605410936869,0.4246374789148767,-0.5633939468265439,0.6969289088302799
1,8.067157830491391,4.928878585066502,4.928878585066502,6.331274343934514,1.0,0.0,0.0,0.0,0.0,0.0,2.038848983440677,1.2544817691915582,1.9160460867358515,3.5617754902774417,2.365473402689485,4.396376080674539
0,6.1380751013675,7.1304825108618495,4.836103398011652,7.1304825108618495,1.0,1.0,1.0,1.0,0.0,0.0,2.1215200043381333,0.797355823754037,0.7440163877997168,-0.2340595333101827,0.8108762865906821,1.8217874038056092
0,2.517980611960088,7.697093853352961,2.3246598034859223,7.697093853352961,1.0,0.0,0.0,0.0,0.0,1.0,1.6808871971901993,0.5640717803562435,1.0779659217907904,1.6443177494195,1.3542280087611933,2.5381317569020094
1,4.441158093709813,1.2083821780939914,1.2083821780939914,1.3110046025444628,0.0,1.0,1.0,0.0,0.0,1.0,0.5106936114818296,-0.7419598088096375,1.4622788443116965,0.7887529216431706,2.751638613525766,2.011100612773811
0,-0.035707817596994706,2.4494553400198793,0.5766019203224795,2.4494553400198793,1.0,1.0,0.0,0.0,0.0,1.0,-0.35490920563557915,-0.03529670890903125,0.7626744863016516,-0.6334771706316416,0.06112985508299462,2.1484412619343765
1,-0.027703498161966378,-0.9809836398973133,-0.9809836398973133,-0.362280699356056,0.0,0.0,0.0,1.0,1.0,0.0,-0.1624727274115466,-0.9681214692042017,-0.1049202196416048,0.44317749715480126,0.498558728174441,0.6407075538148442
1,3.0628952638801823,1.4141529066108216,1.4141529066108216,4.279082673965264,0.0,1.0,1.0,0.0,0.0,0.0,0.7411913453503228,0.76255882443574,1.2675464244047987,0.9648677245240325,1.7339851619026063,2.120207745471745
1,5.439281247643445,2.9678675942132,2.9678675942132,3.1302005141624116,1.0,1.0,0.0,0.0,1.0,1.0,0.37363905431180383,0.13056066351547568,-0.5901318187851003,-0.595622561972107,0.9332107999036265,0.4014258165288218
0,6.802646247607789,11.251480847122929,7.720253301622184,11.251480847122929,1.0,1.0,0.0,0.0,0.0,0.0,2.5390643443301624,2.7418510106072524,2.5867268205596816,2.8708914520772932,2.2414211352969873,3.30406031721473
0,2.4677511264126673,3.348437396478222,2.7320566508978734,3.348437396478222,0.0,0.0,0.0,0.0,0.0,0.0,1.7739600700398013,1.235387758862915,1.5341098540165772,-0.12492116789602636,3.3966184881902395,2.326998183681188
1,1.0254189226942336,-1.727084494254146,-1.727084494254146,1.0724455980184338,0.0,0.0,0.0,0.0,1.0,1.0,0.16861854124386366,-1.4692102544918717,1.3166101991889982,-0.21717503782372782,0.08036775247221595,-0.44330302311231806
1,0.8654287017028348,1.622479389991005,1.622479389991005,1.929253516054224,1.0,0.0,0.0,0.0,0.0,0.0,0.10826590967386907,-0.6796533289226716,0.23365610816853244,-2.0741830989933243,0.8235064232445395,0.8763782256118111
1,-0.12683142229417765,-0.847094984433657,-0.847094984433657,-1.1421111396396753,1.0,0.0,0.0,1.0,0.0,1.0,-1.534606118879702,0.20662490590364824,0.23051156196458544,-1.1764066845712509,0.607460036700679,0.503424354757549
0,2.4412845857468755,1.337177633479156,2.395902407222869,1.337177633479156,0.0,1.0,1.0,0.0,0.0,0.0,-0.17506204503501843,0.8878369708133736,1.5199920482244473,1.2030623355341157,1.9716333816238745,1.3358251225228561
1,4.3077782971262,1.4738784760954093,1.4738784760954093,4.262708317082939,1.0,1.0,1.0,0.0,1.0,1.0,0.4241203769330597,-0.8258222277335971,-0.9433031574896604,-0.8704757819458553,-0.09375903347067105,2.2588535133323355
0,1.8428995776637533,3.6453312610628608,1.633785116676992,3.6453312610628608,0.0,1.0,1.0,0.0,0.0,1.0,-0.24133542540172703,1.170697811174369,2.884829761651094,1.5369858082003365,0.26437495144995116,0.7248930180916381
1,5.510120452411369,1.8690045195466216,1.8690045195466216,5.558236565886152,1.0,1.0,0.0,0.0,1.0,0.0,1.6873950158333102,0.9708163163650207,1.057754536189023,0.13811079867203313,1.864463884688052,1.5912562355964959
0,5.011921306855999,6.430339934561404,2.8250028451694478,6.430339934561404,0.0,1.0,0.0,0.0,1.0,0.0,2.250831436686174,1.9960955951225803,1.7245072991873645,-0.4430956054501982,1.2679410170588143,1.1163548277454463
1,5.49423620566596,3.3156625677049076,3.3156625677049076,5.364409779168157,0.0,1.0,1.0,1.0,0.0,0.0,0.9200829006596647,1.483398552621267,2.3321082581646175,1.9767440243915066,1.956353092360736,0.9135920018805621
1,6.677633564447498,6.532863648398431,6.532863648398431,5.89898142899693,0.0,1.0,0.0,0.0,0.0,0.0,1.5443264935952654,1.2639510657237492,0.8510888544578485,2.156217486504188,2.268852961694308,2.1139334536047083
1,3.35436795215112,2.233744473919541,2.233744473919541,4.04050747069722,1.0,0.0,1.0,0.0,1.0,1.0,1.8735909278308813,-0.2671676711821436,2.5073772347375094,0.06741911983819482,2.474457393263556,1.9711949555398833
1,1.4508387794693716,2.2970981627250064,2.2970981627250064,2.7816305869639617,0.0,1.0,0.0,0.0,1.0,0.0,0.35894341027642707,0.9290833652696096,1.5985280368925388,0.9110546346901208,3.480692356767952,2.813702382811114
1,1.8602758077052084,0.7828912199318736,0.7828912199318736,3.067983934086385,0.0,1.0,0.0,0.0,0.0,0.0,0.3953223246290096,-0.8639247097579921,0.1804532208720847,-0.6231001539822625,0.8162993604127713,1.3559848351059736
1,2.3265621557284373,2.2958785095519283,2.2958785095519283,3.2849152610736403,1.0,0.0,0.0,0.0,1.0,0.0,0.8876105147000022,0.6642789672818896,0.9769799074026912,-0.5566445922889187,0.10329971290975681,1.4853109650674479
1,4.266027399650294,3.115594276238185,3.115594276238185,4.019335553364494,1.0,0.0,1.0,1.0,1.0,0.0,1.0491698494792705,0.5339192067269887,1.1347655980805027,-0.19770386623041492,1.9632119099309986,2.688380684520257
1,1.9551110953000075,0.5609228783950884,0.5609228783950884,3.6729611471486803,0.0,0.0,0.0,1.0,1.0,1.0,0.8842578773731107,-0.3864311066057804,0.8003941544922251,1.7288099277141096,2.7292670994859733,1.3255051240035318
1,3.9652350437467856,3.3002935469934416,3.3002935469934416,6.481077289752918,0.0,1.0,0.0,1.0,0.0,0.0,1.082043423917821,1.7072055687041456,2.2013310227465617,1.9126007252226163,2.862558874589139,3.356390712579733
0,3.6615904874113423,5.737996508875767,3.228447966256129,5.737996508875767,0.0,1.0,0.0,0.0,0.0,0.0,1.586213574690014,1.0047177932326266,2.0545428441761757,-0.19218024366019926,2.5254366057692708,0.549890797351358
1,2.5730926680591066,2.3596154446819906,2.3596154446819906,1.4802568260522366,1.0,1.0,0.0,1.0,1.0,0.0,-0.8396620513640052,-0.011010246285456882,1.2323639798710597,0.4065404087016444,0.7287848416669145,1.4228061653961335
1,5.145843142919255,3.2769421059882125,3.2769421059882125,5.295174778117952,1.0,1.0,0.0,0.0,0.0,1.0,1.0344659662155715,1.1437474612819662,1.3170078923376882,0.3728501059928302,2.4894810124966735,2.477582591342465
1,2.899563794805023,0.7658891069423452,0.7658891069423452,1.4663429466033744,1.0,0.0,0.0,1.0,1.0,1.0,0.10286646108630393,-0.5633537590848616,0.7376107447480162,-0.46829493843022796,2.4597895915369112,1.7102387040539475
1,7.201459148306302,3.8831686655643645,3.8831686655643645,4.3492881668127445,1.0,1.0,0.0,0.0,0.0,0.0,0.2223958597768303,0.47701455017498834,-1.7686015756403115,0.8735148301839053,0.13781273530842308,1.9541661943336897
1,3.2164496562737934,3.3468472076476385,3.3468472076476385,5.4653888427803174,0.0,1.0,1.0,0.0,0.0,0.0,1.7513489829635764,0.8625351086736538,2.1161570265233935,0.15549702592964987,3.9602693205826367,1.4555686542692376
1,9.848367107048745,5.169567005841145,5.169567005841145,9.628867056069065,1.0,1.0,1.0,0.0,0.0,0.0,1.8475101559184937,2.2819878496326753,2.5106125293640202,0.03804215877289108,2.385628937773189,1.2856034624273298
1,7.437572062940051,3.657050501518771,3.657050501518771,5.910302285920543,1.0,0.0,0.0,0.0,0.0,1.0,1.4464763901639075,1.6928106334551107,1.2160173541649284,1.09655295677871,2.772126647579082,3.043561636142219
0,4.69165390434649,3.303957047730279,3.584552212579523,3.303957047730279,0.0,0.0,0.0,0.0,0.0,1.0,1.2875777190771949,1.6764676290616332,0.8831712603107424,-0.5735063333444683,3.2759673170901946,2.422073990166927
1,2.085659989316292,-0.5219745340956503,-0.5219745340956503,2.249858245961049,0.0,0.0,0.0,0.0,0.0,0.0,0.04966148196744136,1.083169409813678,1.688901202966165,0.4399210533554332,0.4422654205626111,2.0362444367178223
0,2.1640086255962525,2.538185652431628,2.6254642008351254,2.538185652431628,0.0,0.0,0.0,0.0,0.0,0.0,-0.034249175719406666,2.5300724549990887,1.2100858357745226,1.1435215801755727,1.2800310194557012,1.6922654917031135
1,3.3741494654972164,2.400224919627423,2.400224919627423,3.766382725516907,0.0,0.0,0.0,1.0,0.0,0.0,0.9699148038457612,0.13194744012917248,-0.20520074822389422,2.386172950643792,2.0250455416291726,2.724857162990225
1,5.187860996779985,4.640320107802454,4.640320107802454,4.635226119310344,1.0,0.0,1.0,0.0,0.0,0.0,1.4659919299000657,1.675160606903946,1.7531491384669093,0.6399593176607671,3.1785192171370764,1.6028169743432361
1,3.7007813913216037,1.3069800907165914,1.3069800907165914,2.0497455830935962,0.0,1.0,0.0,0.0,1.0,1.0,1.4066180918063154,-0.9984384176722862,0.2013286936648706,-0.24511027564608656,1.8353399710379068,0.38108854263962133
0,5.879195638395042,6.979493474881381,6.72825621686151,6.979493474881381,0.0,0.0,1.0,0.0,0.0,1.0,1.979115565441167,2.0071083277646897,0.759374727781121,1.4549167118633213,1.8583164510120924,3.291244813104755
0,8.501401072690742,10.499597257174644,6.083845388689872,10.499597257174644,1.0,0.0,0.0,1.0,0.0,1.0,3.2678619398603344,3.0083280499138025,1.7049244096484406,1.6979842554621718,3.4145601692639795,4.201948281423602
1,0.05913511445576525,-0.17999397656302063,-0.17999397656302063,0.9023290284591539,0.0,0.0,0.0,1.0,0.0,0.0,0.16649670290107443,0.6820513373346591,0.057446654682705045,-0.8564062638171468,1.594353348291242,0.9379080184114258
1,3.369764518095422,3.01308886287146,3.01308886287146,3.788730223558891,1.0,1.0,0.0,0.0,0.0,0.0,0.8118947868126284,0.1353440512597439,1.808671473472071,1.2356346206712963,1.9356849826224163,2.3110774412710358
0,1.491404356035075,1.4686465696324456,2.3773155055788173,1.4686465696324456,1.0,0.0,0.0,0.0,1.0,0.0,-0.7838956542605073,0.5169361574172907,-1.531200747179643,-0.08405906722577416,0.439365967922718,0.7246616141653726
1,4.881847193298128,2.382167666491393,2.382167666491393,3.496549895433704,1.0,0.0,0.0,0.0,0.0,0.0,0.4444526709952696,0.6425444048336586,1.1589227066593648,3.2463954794458845,2.58813368219718,2.449226612771731
1,5.151216333486796,3.6261624263948398,3.6261624263948398,5.650719105429535,0.0,0.0,0.0,1.0,0.0,0.0,2.7826667009076753,0.7714374915610442,0.84210049275837,0.49621803246804497,0.7811420753727787,2.8555027309826673
0,4.713709883575051,10.495246256269274,6.405826379167164,10.495246256269274,1.0,1.0,1.0,1.0,0.0,0.0,2.5742902806006818,1.6161511406491584,1.4719165532641938,2.1803273477044005,1.1881179234671633,1.5500850705250349
0,0.6417878640267849,3.3272422577839715,0.3543225484192964,3.3272422577839715,0.0,0.0,0.0,1.0,0.0,0.0,-0.33445545015926936,1.8638296611452627,1.9528937791515946,0.6020104306259886,1.2050354887695602,3.081031605275002
1,3.4535987462056754,3.1055278740949075,3.1055278740949075,2.8434199051601325,0.0,0.0,0.0,0.0,1.0,0.0,1.2609918774110553,1.2462816607218103,1.8779681397686179,1.3139730246889776,2.1957483503767214,1.7735842595471645
1,2.6903423742155503,0.9642278697721506,0.9642278697721506,1.5975533882284687,1.0,0.0,1.0,0.0,0.0,0.0,-0.2675470496270467,-1.6438212269426102,-0.21373249516366277,-1.020419134586684,-0.1560677298802582,1.6253540527208161
1,2.421754530363423,0.33713931594086133,0.33713931594086133,2.4096326970369377,0.0,1.0,1.0,0.0,1.0,0.0,-0.0794306297581403,0.47108312112889383,1.5382219267419768,1.0277732297201971,2.762805702531816,2.8614300521777274
0,4.781242190338656,5.80316875187229,4.546265095905827,5.80316875187229,1.0,0.0,0.0,0.0,0.0,1.0,1.4935424905829882,1.6390955046658107,1.4489866684320374,-0.5269795204276633,2.0110242497995343,1.912229684330538
0,2.8574436742634455,5.4714278299932975,2.2160923899423692,5.4714278299932975,0.0,0.0,0.0,0.0,0.0,0.0,2.7007441996554293,-0.6868555209955749,1.2424407788308676,1.256066809196996,2.387663315130769,2.340846615972338
0,3.2934980929578144,5.991555775146389,4.600530222329425,5.991555775146389,1.0,0.0,0.0,0.0,0.0,0.0,1.9367425902802093,1.0850042158633713,-0.0003269070964821985,0.23070876396045215,1.2862211777248604,1.9592116904405001
1,1.0054530081732103,-0.5301337649016379,-0.5301337649016379,0.6379641987041111,0.0,0.0,0.0,0.0,0.0,0.0,-0.9194925362400281,-0.2921175976361312,-0.606237204287476,0.13576804631685246,-0.7647870911404726,1.4265712847862613
0,3.2598668990500945,2.3468977510324374,2.5132750740835657,2.3468977510324374,1.0,1.0,1.0,0.0,0.0,0.0,0.26126577099631487,-0.1818481643566393,0.2565513732851046,0.02043391256661875,0.33108444508474055,0.819093057335469
1,6.36953466731128,3.410400790775226,3.410400790775226,5.256790177484135,0.0,1.0,0.0,1.0,1.0,1.0,1.6557747414908266,1.583681582851423,0.546380534308313,0.2668452871157859,1.1599925163607736,0.4372406707108616
0,3.4937489272277804,7.874887627610099,2.089637214632328,7.874887627610099,0.0,1.0,1.0,0.0,0.0,0.0,0.7196557890691605,2.1072618763643876,0.8897324156344968,-1.2069579106990933,1.438191364976049,0.26654688403868865
0,2.8186487984435855,4.798933447572643,2.5688194694450046,4.798933447572643,0.0,1.0,1.0,0.0,0.0,0.0,0.09713233029341029,1.282762842755856,0.4048892339638319,1.357390394832712,1.2552555270700063,3.4316893743289376
0,-0.92665576129269,1.5138214180708478,-0.7170151771627998,1.5138214180708478,1.0,0.0,0.0,0.0,1.0,0.0,-0.8518497756357117,-0.9438590326037282,-0.11528157625804358,0.34699450715901003,1.3429892551192721,0.8729813554253256
1,3.941218002959818,3.239767769958725,3.239767769958725,3.5034031233853185,1.0,1.0,0.0,1.0,1.0,1.0,0.13329508576182958,0.9529720935968291,2.200673605452792,1.8455661532612904,2.3747524031523852,2.3921639327284216
1,1.1446081394061816,-0.8889266407074541,-0.8889266407074541,1.9353265437994343,0.0,0.0,0.0,0.0,0.0,0.0,1.3279113602567594,-0.03663411086792501,2.0393192571684615,0.023391587658740276,-0.14714829428103582,0.4631236093830915
1,7.437252309834613,3.4026103028851393,3.4026103028851393,7.459852598506455,1.0,0.0,1.0,0.0,0.0,0.0,1.2488398881727225,1.731130003930516,0.6092937688338389,0.5463520380089606,1.2917430471588136,3.2859622173152316
1,4.047751258918844,0.6401221656735224,0.6401221656735224,1.6735960546006736,1.0,0.0,0.0,0.0,1.0,0.0,0.24422857584166124,0.1800897966206143,0.6690153711653547,-0.1682148682008885,0.06904478072190678,1.169224534064176
1,5.602812727808039,2.5553241571575347,2.5553241571575347,3.8950144411902268,1.0,0.0,1.0,1.0,1.0,0.0,0.7231732695291679,0.02151182889057468,0.7187975813076501,1.3588369652269912,0.6166906263403292,1.4960810308941952
1,3.0727501921056635,1.3994131585331322,1.3994131585331322,3.402867558468718,0.0,0.0,0.0,0.0,0.0,0.0,1.0264338759392353,0.8989347372817155,0.4737962834359562,-0.3428256755208767,0.39850215101933983,1.0740248761908104
1,5.7944873852038,2.9122952533238857,2.9122952533238857,5.383083269230582,0.0,1.0,0.0,0.0,0.0,0.0,0.7530030480184332,1.5570174847495721,0.5088139279797022,0.6090199235150628,1.3227441969380742,0.5996637815738819
0,4.178541444401444,5.9915483924289505,4.139847232550119,5.9915483924289505,0.0,0.0,0.0,0.0,0.0,0.0,2.2425977518387263,2.113715599782732,1.2677748002189237,-0.6758541398990314,2.5699434834288986,2.8362607219929474
0,1.6472545348472483,3.7773467218360803,3.743508587510014,3.7773467218360803,0.0,0.0,1.0,1.0,0.0,0.0,-0.2797987960569521,1.8901343829482093,0.730324228666192,1.3386177062592135,1.870064681965883,1.906937431360424
1,-0.1326745002542168,0.6205792019429848,0.6205792019429848,2.473727569496122,0.0,0.0,0.0,0.0,1.0,0.0,0.8609831105284519,-0.8417775518131643,1.5842861764603833,0.5676201500457011,1.324769734436241,0.5627784776545082
0,1.865508537139926,3.6571722172212904,2.915065864086915,3.6571722172212904,1.0,1.0,1.0,0.0,0.0,0.0,1.05148252169011,-0.19510051613161705,0.1885537187359707,-0.059010746912595446,1.8097530780173137,0.31021382068119197
1,3.5832842023238682,0.7594792417830689,0.7594792417830689,0.9515578895172272,1.0,1.0,0.0,1.0,0.0,0.0,-0.7470613105637081,1.1225966415270952,0.581800191731283,0.17294797416954932,3.146333631898149,0.20309956368098003
1,2.034732180246121,1.5076233884370907,1.5076233884370907,1.212090048838069,0.0,0.0,0.0,0.0,0.0,0.0,0.8093142712427076,0.23070976333381643,0.19732678898016243,-1.0933347519811234,1.176353181769357,0.6286532249531297
0,2.6820853086346075,2.8878932564325446,0.7639975253338223,2.8878932564325446,1.0,1.0,0.0,0.0,0.0,0.0,-0.43973508339310885,-0.27302289251602496,0.3192127898181106,-0.24844769757793506,3.046301963478742,2.0739290408669735
1,-0.21842669412048377,1.2319936369121085,1.2319936369121085,1.0980118117835194,0.0,1.0,0.0,1.0,0.0,1.0,-0.04668832413826407,0.19543063188642595,0.2122821805804077,-1.479552186868877,-0.09459057699942663,0.4290850409937532
1,3.40501968171087,2.1092640825261744,2.1092640825261744,4.766468097099353,1.0,0.0,1.0,1.0,0.0,0.0,0.49298977290034046,0.7201805821745929,2.8808009217991417,2.2617402461035168,2.046360793388107,2.1884999974036337
1,0.4831402661080615,-0.6867924548185356,-0.6867924548185356,0.951992989565045,0.0,0.0,0.0,0.0,0.0,0.0,0.42146346131695134,-0.46306127809067044,0.9286958338973446,0.35372344368994585,-1.6392300569660763,1.5085266526348224
1,0.35631517258323764,-0.0017038021893118205,-0.0017038021893118205,2.0855236107091235,1.0,0.0,0.0,0.0,0.0,0.0,0.26840547885197497,-1.3095807044191747,1.5412148400167416,0.26271301409269665,0.3126444237751773,-0.007057863698766154
1,0.9619866644618651,3.3191584531343765,3.3191584531343765,2.371782821913955,0.0,1.0,1.0,1.0,0.0,1.0,0.2575694401442107,0.5616942258716423,-0.6360412999017913,-0.7900836713160946,1.512929056098355,1.9744527531157121
0,2.593707391831936,3.8914554432585673,2.4108101530137604,3.8914554432585673,1.0,0.0,0.0,0.0,0.0,0.0,0.10457893204470659,1.5877067737347828,0.7631442344382646,0.8421799348023083,0.23207422911120146,1.6015731688932837
1,5.994869963757884,4.2998944991984605,4.2998944991984605,4.553398836885527,0.0,1.0,0.0,0.0,1.0,0.0,1.7858945087956606,0.592990970106002,-1.2075205369954458,0.1839443466332754,0.9886744621767946,0.4704290835756344
1,5.624196134497497,2.7778501650284104,2.7778501650284104,3.967468301437056,0.0,1.0,0.0,0.0,0.0,1.0,-0.013749920657992298,1.9929717234567088,-0.7475340409322746,0.25252649118514225,-0.1769421494191663,0.4771943735860473
1,5.473590297946453,3.067934700599592,3.067934700599592,3.555122067706572,0.0,0.0,1.0,0.0,1.0,0.0,0.4526065001866351,1.2560470001796835,0.9441334061449751,1.0771386244750958,1.1389313391550417,2.1996600682184617
1,0.12557887002483348,0.056972305556988234,0.056972305556988234,1.1145718300180345,0.0,0.0,1.0,0.0,0.0,0.0,-0.6240543129587073,0.8644138673649908,1.693473709744025,0.7543175026113387,2.585174488982755,1.397286902286328
1,4.022758092451234,3.6796054141185035,3.6796054141185035,3.8778682427706923,0.0,1.0,0.0,1.0,1.0,0.0,0.8262198449968832,0.5710970636774817,2.248119565393238,1.8977178579760596,1.9416126142273313,1.8213095649158233
0,1.6094463653382043,2.3968759607943024,0.3704101787309251,2.3968759607943024,1.0,1.0,1.0,0.0,0.0,0.0,-1.1345397902140015,0.31379278206003025,0.8497875634960912,0.5173436207924419,0.7672669449813745,2.1581414626066855
0,-1.2137159299911053,0.2713119633884946,-0.7485061475654424,0.2713119633884946,1.0,0.0,0.0,0.0,0.0,0.0,-1.045068067075612,-1.941705914727238,0.3524096755996309,0.16313287593844283,-0.553043940568605,1.8596452684457965
0,4.653099119581089,5.960959433098638,3.62501065845546,5.960959433098638,0.0,1.0,1.0,1.0,0.0,0.0,1.2514109685839303,1.7956415653573656,2.6041911095854546,1.837368289316647,2.1115546878637597,1.9742571637892348
0,4.1281287327852585,4.359174856243385,3.2570803160622086,4.359174856243385,1.0,1.0,0.0,1.0,0.0,0.0,0.5404891695634527,1.340985894059432,2.073418706920247,2.3200778714842025,2.440681469655453,2.641657836119821
0,2.2334407978996555,0.5666484780498084,-0.17920841631615958,0.5666484780498084,0.0,0.0,1.0,1.0,1.0,0.0,0.13037341157389115,1.1665494865995862,1.7387291697654033,1.2544413051275496,2.5745343178776405,0.39242093910052045
1,0.838918086689687,0.5792288248637991,0.5792288248637991,3.0254718728515235,0.0,1.0,0.0,0.0,0.0,1.0,-0.15758492412938752,1.3360448031806667,1.900617615420254,0.9871384500327888,1.432544911946146,0.9813700286086995
0,3.3578640898890413,7.74315635164684,4.655158621569044,7.74315635164684,1.0,1.0,0.0,1.0,0.0,1.0,1.4527378352485627,1.4883422940319067,0.9378491710245322,2.92023035413333,2.3768703410645964,3.270550664203524
0,6.323958220335863,6.885034171244991,4.311089791828764,6.885034171244991,1.0,1.0,0.0,0.0,0.0,0.0,1.4697780989089408,2.3592796307180324,0.9056039945989351,0.7017747301730687,1.230538649157987,1.7698848307614545
0,2.6098728281246846,3.761741370934298,2.1838605927701655,3.761741370934298,1.0,0.0,0.0,1.0,0.0,1.0,0.9624298699648619,1.2048581068835924,1.844476755681867,0.6187219168477829,3.0566341725065906,3.534166809471403
1,3.949067413805108,1.1240306165438574,1.1240306165438574,4.559635057536451,0.0,0.0,1.0,1.0,0.0,0.0,1.256122285133295,0.27043639560711574,0.07976863864627004,1.4634880355931623,2.202985703445096,1.991756139300897
0,5.140466888690493,8.312443856694811,3.410130588788916,8.312443856694811,0.0,0.0,1.0,0.0,0.0,0.0,2.1720122191643374,2.650080039637376,1.385171689458125,0.791990743774676,2.036778713587656,2.7157888319571275
1,7.429243758812324,5.062831507774133,5.062831507774133,6.061872303483019,1.0,0.0,1.0,0.0,0.0,0.0,0.8590056637085208,2.021539334375199,2.080993324355015,2.1126672318664257,3.7676792098924374,0.9077934533575154
0,0.8835999120867374,0.9079687494319805,0.22275815071989002,0.9079687494319805,0.0,0.0,1.0,0.0,1.0,0.0,-0.8759977948043769,0.46271925799577285,0.7820251547297351,0.6843104718024309,1.663748944934523,1.720726603632098
0,2.4634102950709593,6.047386017797204,2.1792095097077024,6.047386017797204,0.0,0.0,1.0,1.0,0.0,0.0,1.1598578442372613,2.1989148095700957,2.327298805163598,0.8718903429275382,3.3182663964936934,1.9708259755750164
1,1.6544303979442527,2.7417605341917026,2.7417605341917026,1.089622593581118,0.0,0.0,1.0,1.0,1.0,0.0,0.6435037581415781,0.4347259700945252,1.6643555652793085,1.6110674342895457,1.5867795445941704,2.286058630783403
1,0.7909847546905868,2.32006669891312,2.32006669891312,2.6489703220210767,0.0,1.0,1.0,0.0,1.0,0.0,-0.43725657809321716,0.9919608340244066,1.5137647782473933,0.5711008599714114,0.42340530289665335,0.13022743214025123
1,5.169554790409504,1.741880192001799,1.741880192001799,6.517676805524823,0.0,1.0,0.0,1.0,0.0,1.0,2.297003464757577,0.9032563338200502,0.9075562845994647,0.04903568251131607,0.8266325799064793,0.2828026954115215
1,3.5309581109420156,3.4468547741964968,3.4468547741964968,4.345245726426524,0.0,0.0,1.0,1.0,1.0,0.0,1.2306159052379002,1.042609441759818,0.37100761026687934,0.1440889565053498,1.2355388542555512,1.06857433100003
1,3.573829308064415,1.5905014196547311,1.5905014196547311,3.4772853804294472,1.0,0.0,0.0,0.0,0.0,0.0,0.9567125216497064,-0.14224398129076454,-0.5761594246530028,0.5930809223200129,1.732519095133351,0.8757703292546193
1,0.4364496028005067,1.972825015135007,1.972825015135007,1.6472208274611067,0.0,1.0,1.0,0.0,0.0,0.0,0.42854695577924795,0.13934092440466472,1.4837355135839316,0.3113109221606253,2.4838618267336563,1.1827359372257735
1,4.4459036371934735,1.1383273888746643,1.1383273888746643,5.274367327856947,0.0,0.0,0.0,1.0,0.0,1.0,0.9204332913052498,1.6510583030901234,0.6361873394469124,1.051442966713233,1.8412513746688055,1.1247773045494218
1,6.214524566656853,5.222963118801109,5.222963118801109,7.065417389491385,0.0,0.0,1.0,1.0,1.0,0.0,1.7031137390944775,2.408332853078144,0.9342488303290652,1.2853236662532046,2.8888985858612015,1.8648868624850248
0,1.2163485031003276,2.903489585813935,1.6537545454612381,2.903489585813935,0.0,1.0,0.0,0.0,0.0,0.0,-0.39670925467229545,0.7161472324982543,0.6171120092573605,1.2615204458980018,0.3697300202693641,1.5705948007533195
1,5.7217723314382996,3.351780704499192,3.351780704499192,3.850259355730777,0.0,0.0,0.0,0.0,0.0,0.0,1.4946453503927346,1.377672797662449,1.283661701654356,2.0381697472170446,1.672170787853244,-0.12952112394426707
1,4.877674282040782,4.136486383744648,4.136486383744648,3.909420864505572,1.0,0.0,0.0,0.0,0.0,0.0,1.3230384645335338,0.8975663559890884,1.0034693812563937,0.4374203000143488,1.4620527317444847,1.1840112163281562
0,3.8813478158019374,7.514100673675536,6.209185948564906,7.514100673675536,0.0,1.0,1.0,0.0,1.0,0.0,0.5547825731266428,2.5446150943504477,0.04357559737238681,1.7683510150851673,2.768562574311746,0.6500885408645938
1,5.731269102665201,2.7087761751342843,2.7087761751342843,5.568206194888447,0.0,1.0,0.0,1.0,0.0,0.0,1.2244230272987535,2.5601092912437258,2.1621066586765436,1.4549160067704974,2.010511859323108,1.6805327645100956
0,2.3394729557084935,4.223559003237769,3.6481745495455202,4.223559003237769,0.0,1.0,1.0,0.0,0.0,0.0,0.8837385651694948,1.2737393569189148,2.4856867982103825,1.8906071484903615,2.621039442822676,0.9981579578259402
1,4.46459159608551,2.762431057298916,2.762431057298916,4.154537940780299,0.0,0.0,0.0,0.0,0.0,0.0,1.876739547847532,1.4524454968213165,2.1656771870838174,1.428009480132014,3.7817088791386726,0.6830900914298846
1,7.574550836114241,5.559978601208911,5.559978601208911,5.958096128437254,1.0,0.0,0.0,0.0,0.0,1.0,-0.28557241218262197,3.094834310182593,-0.06656451638942973,0.40245836834355403,0.2088699033681074,1.4791388789646613
1,3.500864999068802,1.8317342409257664,1.8317342409257664,1.2674740153442814,0.0,0.0,0.0,0.0,0.0,0.0,1.591470796958161,-0.07995104766575478,-0.2136157043101783,-0.22372678760951903,0.5257133789783763,2.3220906361364984
1,9.796695397126248,4.70205557190774,4.70205557190774,10.378514824929429,1.0,0.0,0.0,1.0,0.0,0.0,1.8703169645909914,3.5461186841631402,0.17073558991876714,1.0911590229522163,2.0634845847389536,1.537210718020327
1,3.9198380984965553,2.585095541675537,2.585095541675537,4.898474981611509,1.0,1.0,0.0,0.0,0.0,1.0,0.575952128780438,1.0093519464825402,2.1905077416348453,1.4046338279837434,3.4857155306026835,3.014378643328722
0,0.04568929483920042,1.996459165017813,0.25034862084110954,1.996459165017813,0.0,0.0,0.0,1.0,0.0,0.0,-0.7540845081662706,-0.1628239923154876,0.24526672560458895,0.4538830115826447,2.474018150409857,1.6105103480656338
1,4.991893871269362,4.349045035336449,4.349045035336449,3.579668644667777,1.0,1.0,0.0,0.0,0.0,1.0,1.0791818419981927,-0.3515342441517988,0.8138071993960005,0.17792095459312418,2.568562321451978,1.6781341596110697
0,3.896958606432512,2.6181386268937694,1.358372959473951,2.6181386268937694,0.0,0.0,0.0,0.0,0.0,0.0,1.1168530898714113,1.3484863497128132,-0.30002958030612903,1.9903892150902451,1.2132035172645503,1.7534020681651468
1,2.292021285889496,1.6006048555088528,1.6006048555088528,3.7701099805785008,0.0,0.0,0.0,1.0,0.0,1.0,-0.5021720958989146,0.32367745716267216,0.3448682494165124,0.8206762298394084,2.053813885462908,1.1855955547274248
1,2.088370980524807,1.7739440578550036,1.7739440578550036,4.610832339776911,1.0,0.0,1.0,1.0,0.0,0.0,0.009334540307750716,-0.2332025653226446,0.23990080856657348,0.8328150684572264,1.550215152073311,0.4359837944407772
0,2.835578998123826,2.613604031143145,2.36584656213286,2.613604031143145,0.0,0.0,1.0,0.0,0.0,0.0,2.071637025225662,0.7921478819830102,1.2714136201448694,1.2076826001848244,1.218568700112622,1.5778238642448899
1,3.470779595282403,-0.5305698868310849,-0.5305698868310849,3.627235263488518,1.0,1.0,0.0,1.0,1.0,0.0,0.5154739165781939,0.31888864407281775,2.6515035658170163,1.616637285353804,1.7743759296940078,1.2639448559001338
1,2.0909246788757443,1.0841044199363512,1.0841044199363512,1.8828312402412966,0.0,0.0,0.0,1.0,0.0,0.0,0.39559264691860463,0.5002271585823899,0.5985956156434058,-0.1326440274135633,1.1681756935993681,0.9667660135572601
1,3.0677241659171557,3.2103342632957657,3.2103342632957657,3.182814219661034,0.0,0.0,0.0,0.0,1.0,1.0,1.0280978131214529,1.8825813825433293,1.6928489876968555,-0.6375818609630401,2.3107856680947934,0.6009972265544423
1,3.2393311812399324,0.9659437754790339,0.9659437754790339,2.06853212295773,1.0,1.0,0.0,0.0,1.0,0.0,0.356994778724429,-0.6186313832763974,1.7637110958994606,-0.7537202875929847,1.1824972336058548,1.186998908291253
1,5.275454285032793,1.6082640263525403,1.6082640263525403,3.8792459762200826,0.0,0.0,0.0,0.0,1.0,1.0,1.803128092336992,-0.14848798923628093,1.2529624114874927,1.3116474823427962,1.6240523917008367,2.675564573866162
1,4.863481305823287,4.652961393418665,4.652961393418665,3.653023215423655,0.0,1.0,0.0,0.0,0.0,0.0,2.3082856077406784,1.0302449880630078,1.1540916888444746,1.4239225552715038,1.8819943059962632,1.5234497377390146
1,6.327826181972913,2.0168373484967272,2.0168373484967272,5.489218575317771,1.0,0.0,0.0,0.0,0.0,0.0,0.6039680622463015,0.07847967691849089,-1.8658052418496112,-0.49748696052968255,0.26331211743473215,-0.8800810535121593
0,1.1557220126284653,2.4420764162285966,0.9686712979395102,2.4420764162285966,0.0,1.0,0.0,0.0,0.0,0.0,1.3664049149153121,-1.179085803673012,-1.1501233625111076,-0.45771176640316735,0.8918474029564682,-0.5383483908146105
0,2.142584688669396,3.9591792104275383,1.731288993065427,3.9591792104275383,1.0,0.0,1.0,1.0,1.0,1.0,-0.28517974680781877,0.19417985578467645,0.9631904740564892,1.0183897427583881,1.1510030165232197,0.3728917706702146
0,5.96584971875459,10.534359258439935,4.783073297474956,10.534359258439935,0.0,0.0,1.0,0.0,0.0,0.0,2.5572490668636965,2.4235698023622527,1.1314130413783399,1.8069223806393386,2.253169847668607,2.9006873524890224
0,3.822143131590951,4.440803460612574,2.8133401182837945,4.440803460612574,0.0,0.0,0.0,0.0,0.0,1.0,1.748202555410875,1.4972102697274194,0.3279482454460163,0.134734904507947,1.9985608576591178,2.7386959584709922
1,3.6327244614537246,1.253905807347485,1.253905807347485,2.9308163898907225,1.0,0.0,1.0,1.0,0.0,0.0,0.3255174926234256,-0.4200583230090065,0.2298522357738111,0.5469337763129074,0.6334600645238346,1.0195906686294396
1,4.211444271784489,0.3047038771316366,0.3047038771316366,5.912747427345492,1.0,0.0,0.0,0.0,0.0,0.0,1.1517758820687067,0.5410683838430106,0.8613521549557137,1.3491908308489013,1.878213181452094,1.403645683291047
1,5.846197902660078,1.9322359478708537,1.9322359478708537,4.337848291689224,0.0,1.0,1.0,0.0,1.0,0.0,0.8001399213274485,0.7397067055238038,0.26135599387232555,0.20263588393582044,1.2406949834773078,1.6643651944645872
0,-0.7901596575387835,1.5597929866026115,2.499486085858501,1.5597929866026115,0.0,1.0,0.0,0.0,0.0,1.0,0.5255288817311259,0.04580591865653172,0.16494585082816782,-1.3221393472168999,1.1818631865169968,0.9490952906751607
1,9.104321253371756,7.097644793140503,7.097644793140503,7.89339818114841,1.0,1.0,0.0,0.0,0.0,0.0,3.1595854533388152,1.4288877099719328,0.6759708733758524,1.6785222873973402,3.2161412119027446,1.27728923591688
1,7.692746108669342,2.0115706580385755,2.0115706580385755,6.286522890151865,1.0,0.0,0.0,0.0,0.0,0.0,1.910808767373608,1.3544464218860024,2.169019353753659,0.652932319408926,2.7889239625948443,2.055232018099314
1,2.2718376170364762,1.4910216560792613,1.4910216560792613,2.350984020111806,0.0,0.0,0.0,0.0,0.0,0.0,0.819735947877403,-0.3587735217544483,1.2958100779386963,1.9790471702490264,3.9456314019160934,2.2705809163687443
0,3.7870975732434573,3.847439563367279,2.889050013651357,3.847439563367279,0.0,0.0,0.0,0.0,0.0,1.0,1.6211081179380415,0.34370720677315664,-0.21503006236498456,1.2994202881569936,1.2306513670995798,0.9218784793840424
1,6.748799430402922,4.918747709296675,4.918747709296675,6.280142632488817,0.0,0.0,1.0,0.0,0.0,0.0,2.7579316636645954,1.4796007933755915,0.8874196201348502,1.6700793845174213,1.4868939968321377,2.0646951895064882
0,0.7756881844419953,3.5565848723565114,1.8354583953667978,3.5565848723565114,1.0,0.0,0.0,0.0,0.0,0.0,-0.39428003297339154,-0.33785519125957153,-1.2404967748165532,0.7478804332462096,1.3781508496427295,0.5723935398881332
0,5.113688980399905,5.785852099974556,4.111043197878531,5.785852099974556,1.0,1.0,0.0,0.0,1.0,1.0,1.7095599800549777,0.9475023653401584,1.5783471991026252,1.355962485274307,0.71436950123523,0.1907909059876578
1,1.9893151206324402,1.3505022763508014,1.3505022763508014,3.752430575656954,0.0,1.0,0.0,0.0,1.0,0.0,0.36722479568297933,0.05967852186840761,-0.7655280884236595,0.6700069754511533,1.5099166570953633,1.2020174374155812
1,5.233582347644905,4.386928231629833,4.386928231629833,4.608116237676479,1.0,1.0,0.0,0.0,1.0,0.0,0.3359147371298444,0.7060366188641107,0.6746991396317875,-0.42494971807124315,2.2444703586089956,2.7483006400410632
1,4.100113165942785,1.9491850354053915,1.9491850354053915,3.9505439910943085,1.0,0.0,1.0,0.0,1.0,1.0,-0.2365929500776709,0.8939707748233117,0.48789025408054065,0.9696683512814109,1.1617631005835833,2.6354257155648133
1,4.4146994517979605,1.0749708989226545,1.0749708989226545,4.874668105987735,0.0,1.0,0.0,1.0,0.0,0.0,0.9535141068276143,1.1187553260786494,1.9196414245290923,0.8993545163367405,2.758155936737463,2.8425692023020206
1,6.468566063412256,1.9173850355023507,1.9173850355023507,7.797978996823182,0.0,1.0,0.0,1.0,0.0,0.0,1.7239516203115253,3.1186812868959137,1.3298089128090842,0.9406036049514371,3.397324619428107,1.4698669731169094
0,1.6125196247956723,5.169994040068983,2.452687815883824,5.169994040068983,1.0,1.0,0.0,0.0,0.0,0.0,0.688354176519703,-0.9980916055153359,-1.255848423371827,0.10396530308445695,-0.7586706826432312,1.4297284267539683
1,1.8661960958353268,-0.10526313881421268,-0.10526313881421268,2.4741387654801468,0.0,1.0,0.0,1.0,0.0,1.0,0.27729610666313875,0.9918519344208767,1.98607421602519,-0.6801048207194325,2.2707312075431614,-0.218934059202619
0,-0.3208993832570201,-0.2672540214130684,0.1387813369681548,-0.2672540214130684,0.0,0.0,0.0,1.0,0.0,1.0,0.35716284905065193,-0.17128263160876256,-0.18203830756824724,-2.726268980614095,0.4992591693549864,0.08610755023550021
0,3.421882812879546,5.823275310041736,2.4073769761937998,5.823275310041736,0.0,0.0,0.0,1.0,0.0,0.0,2.4604051718778726,0.4851816928618901,1.2521075391661782,0.4668344524663487,2.7200647362884043,2.2458617093976034
1,5.221307950777833,4.790766569655819,4.790766569655819,4.593494448369506,0.0,1.0,0.0,0.0,0.0,1.0,1.2491233089652793,0.6751220396148956,0.32763548725751784,-0.2165246772142051,2.169602816174758,0.9214862007434914
0,4.709496263101562,6.67866846051647,6.453287163832402,6.67866846051647,0.0,1.0,0.0,1.0,0.0,0.0,1.4625556156075132,2.444362237497689,0.3518170446248341,-0.2636902193363182,0.7603736534708879,2.7359866505961064
0,2.5607749598736493,3.190788596367963,2.9353504155499586,3.190788596367963,1.0,0.0,1.0,0.0,0.0,0.0,0.5099479770603237,-0.49473494242948957,-0.2090040895041243,0.520769461205038,1.19349489366571,0.8361789020809933
1,7.969886987583834,3.803081181213636,3.803081181213636,6.848827971091584,1.0,0.0,0.0,0.0,1.0,1.0,1.873051441814411,1.6190760483164224,1.9419582522553287,2.812266539652727,2.865985506736716,3.280280610265768
0,0.4770094191932829,1.5385108133448224,0.9363569718262936,1.5385108133448224,0.0,0.0,1.0,0.0,0.0,0.0,0.014989349797978724,0.36763164062227416,1.1213695870774572,1.7362835575042008,1.5265852553739898,2.2331273146763913
0,6.081148600635543,10.244260913319216,5.192346120119224,10.244260913319216,1.0,1.0,0.0,0.0,1.0,0.0,0.9886673300181602,2.4339094329801547,1.0969288818236367,1.2362988937030814,1.236982582739544,2.8206992480354534
0,4.556500239856772,4.780254021663745,2.9988380957454694,4.780254021663745,1.0,1.0,1.0,0.0,0.0,0.0,0.7159258468552024,0.06079436198008081,-0.49739605685617794,-0.15468682663015,0.987610741937224,1.6416806329297573
1,3.088327467711284,3.7001811768033512,3.7001811768033512,3.6599265545713195,0.0,1.0,0.0,0.0,0.0,1.0,0.8973149493230534,0.9167816205172229,1.282171439894285,1.9881447657830127,1.1918101115327624,1.5870907578097615
0,2.991575064447124,3.030544904516905,1.7253105536409565,3.030544904516905,0.0,0.0,1.0,0.0,0.0,0.0,1.3595157938436429,-0.5380782196313334,-0.37684080888591476,-0.5559127368767471,0.5818287384733112,0.9731003132967098
0,0.6065522743250978,2.790524845988882,2.6172311993668353,2.790524845988882,0.0,0.0,0.0,0.0,0.0,1.0,0.31386040740381316,0.5222485504326446,-0.2458456152096471,1.1130319458382198,1.6165279704330273,0.9417925276179862
1,3.3337752398560205,2.322307131482792,2.322307131482792,1.9474391671656106,0.0,1.0,0.0,0.0,0.0,0.0,0.434029053506548,1.1260130472476224,1.1161896765653843,-0.014790873804098936,1.3349320054692868,1.05483224312162
0,0.26897505675196254,0.7375530222342103,-0.030956158549541098,0.7375530222342103,0.0,0.0,0.0,0.0,1.0,1.0,-0.44760790800811856,0.8726608668491782,1.0819213562396752,-0.0025156808777476725,0.4213043750396197,1.6316330009673514
1,0.2628986962473773,-0.4587378427261816,-0.4587378427261816,2.1206584055065187,0.0,1.0,0.0,0.0,1.0,0.0,-0.29904891657024857,-1.127863600659982,-0.4185578737020976,-0.09692865371874126,0.6005149643292852,0.7588428820698119
1,-1.1033589079044173,0.06466823241730602,0.06466823241730602,-1.4936266774206732,0.0,1.0,1.0,0.0,1.0,1.0,-1.2364434435756888,-0.8928495419998408,0.015772889382080213,-0.8618225724854329,0.6894452806400788,0.8224221167890096
1,6.488451573331893,3.609904070140288,3.609904070140288,6.7110946130146445,1.0,0.0,0.0,0.0,0.0,0.0,1.121071884579831,1.0806828829420905,-0.02782373543551575,2.31753397820387,0.8721964472889541,2.008083657812799
1,7.742748246040828,3.6624045705435284,3.6624045705435284,7.295263149866316,1.0,0.0,0.0,0.0,0.0,0.0,2.9858027513569887,0.3433255386814501,2.0423462038552054,1.1659919523999476,2.3266876605676594,0.641548512381845
1,7.676889861527559,4.199927745057055,4.199927745057055,6.336325824768634,0.0,0.0,1.0,0.0,1.0,0.0,2.2864868436721517,2.5304924963312163,1.5446678477812792,1.2367146911922626,1.3097152421800828,2.142156223228748
0,3.4435928181616764,5.178483585239095,2.702927607580078,5.178483585239095,0.0,1.0,1.0,1.0,0.0,0.0,0.5187017339845879,1.291271429692698,0.7550705999766298,1.5669573763700722,1.488194293967188,2.0237401741849
0,4.555764979963831,5.8005356911961865,3.4550665065577135,5.8005356911961865,1.0,0.0,0.0,0.0,0.0,0.0,-0.024266146183422266,1.3332240831274964,-1.3222511624748232,0.35737387473168497,0.2349457082552382,0.3343477979157383
1,6.268214167594536,3.8685292140669847,3.8685292140669847,3.174013999908547,1.0,1.0,0.0,1.0,1.0,0.0,0.09722956174892661,1.633829560176474,0.5697179044277232,0.3326490997188953,0.5463067858592416,1.552061676669845
0,-3.4419469861901804,-2.7461556781391288,-3.6222734304631783,-2.7461556781391288,0.0,0.0,0.0,0.0,0.0,0.0,-2.2892934081037817,-1.1679953344268077,-0.05934010367643472,-0.7855697966740256,0.6236209767458427,-0.17767248809475933
1,11.133958513391578,5.39467024853865,5.39467024853865,10.124493268410108,1.0,0.0,0.0,0.0,0.0,0.0,1.4977492109397739,3.9040180663097956,2.1083807823734864,1.1320561591645362,2.191230443563644,2.331142383537022
1,1.6179679515925591,0.7105893605800111,0.7105893605800111,3.349602467720394,0.0,0.0,0.0,1.0,1.0,0.0,0.7388937311104532,-0.29791064548244184,0.3098615225699041,0.5830330587722571,2.7919472340329667,0.18398113362516666
0,4.031516603927011,5.7276655617875845,3.9075344470689353,5.7276655617875845,1.0,0.0,0.0,0.0,0.0,0.0,2.308132555469114,1.5536466296823879,1.5107661604053555,2.732090227731483,2.157283523855228,0.27505657703122566
1,3.5363677644999423,1.0622480621496135,1.0622480621496135,1.973137879360948,1.0,0.0,0.0,0.0,0.0,0.0,0.22303257448986646,0.8874507724441376,1.709951866872772,1.0258435919373303,0.05444380096098378,1.3533749057527114
1,4.817780837199478,0.32371175174124023,0.32371175174124023,4.419376083654785,0.0,1.0,0.0,1.0,0.0,0.0,0.4206812309786801,1.3653602833506895,0.40492106368774616,0.3628584067245957,1.545906408069477,0.5453050202660799
1,-1.1021443052604485,-0.6614310845778066,-0.6614310845778066,-0.33522328151355557,0.0,1.0,1.0,0.0,1.0,1.0,-0.9953215410750069,-2.313614626656757,-0.6762290021888677,-1.1720804352865741,-0.5290531496543514,-1.2054492081390444
0,2.7856276411834684,5.196272759548461,5.312266803755561,5.196272759548461,0.0,0.0,0.0,0.0,0.0,0.0,0.7089916655033555,2.5292516020748366,1.4533991761641447,0.6646287868878056,2.610720775729639,0.35990736313417004
1,4.549256475079259,1.6794409771130323,1.6794409771130323,-0.48258660808585496,0.0,0.0,0.0,0.0,0.0,0.0,0.512851970763999,0.7322489786919577,1.4143003647045902,0.6550100151397801,1.3836105922793402,0.17744917510190983
1,3.029889222617661,-0.6596065193343331,-0.6596065193343331,1.3375831778017613,0.0,0.0,0.0,0.0,1.0,0.0,-0.4299912663566068,0.880171270676254,-0.4957158407998776,0.08877142998541765,1.8325451707894391,2.1734096404272356
1,1.836726921805858,-0.20355720975426728,-0.20355720975426728,3.509912884078179,0.0,0.0,1.0,1.0,1.0,1.0,-0.10983814818492854,0.9806815041925008,0.17476804926431155,0.1767409197255123,1.5612741728882684,1.0759555616820975
0,3.232378677877977,5.375813307588866,3.958776279439385,5.375813307588866,0.0,1.0,0.0,0.0,0.0,0.0,0.471431181720067,2.2033334779652005,1.8645142723160895,2.669611534461523,2.8575977896954337,2.02621685010838
1,4.124991211058648,3.054948031986204,3.054948031986204,4.8862641295311215,1.0,0.0,0.0,0.0,0.0,0.0,0.8637110602736471,1.0522785564790773,1.691612477205783,0.6485007940230141,2.2940374299183475,1.1160971914248663
1,-0.05563560393119027,-0.45819144744199614,-0.45819144744199614,-0.16953684713956652,0.0,1.0,1.0,0.0,0.0,0.0,-1.097700848928334,-1.281717483412151,-0.2601387530490653,-0.44705816621519,-0.07975302749003288,1.176689355736853
1,3.305087091923904,2.2461281870206777,2.2461281870206777,2.2431337394481883,0.0,1.0,1.0,1.0,0.0,0.0,-0.12294655794650344,0.11630675563000215,-0.3819072543098545,0.008603710081851124,2.313930961557683,0.00846698994239703
0,0.8609616559537969,1.809675189711335,1.6521524199875577,1.809675189711335,0.0,1.0,1.0,1.0,0.0,0.0,-0.5877999680644017,0.7522841799096744,0.07018575850224495,0.538710375448566,2.2370272154630397,0.5366071418758529
1,6.299063743564159,1.2425327005430349,1.2425327005430349,6.709073294776898,1.0,1.0,1.0,1.0,0.0,0.0,1.4059716107619133,1.3101458304143487,2.6129533397584854,0.014137357509384496,0.2438221112488086,1.3594030756691227
1,3.625160551510121,1.9034457358320689,1.9034457358320689,2.2546262011641893,1.0,1.0,1.0,0.0,0.0,0.0,-0.03610546471374276,-0.7474586483259464,0.25352325854179225,0.5538553147303955,1.1722141979392555,1.404537434342374
1,6.495313996585997,3.6975454927580325,3.6975454927580325,7.097099060162169,1.0,0.0,1.0,1.0,0.0,0.0,1.1944409853001858,0.2004452235946168,2.2541936737727752,2.5789199930408646,1.6760249076808607,3.725421402402449
1,5.023304081900397,2.3729758627739925,2.3729758627739925,5.730793713605128,0.0,1.0,0.0,0.0,0.0,0.0,0.7713814159221154,1.7353267209037213,1.854000492617714,1.399042189143593,1.1587395629451698,1.57669593274642
1,3.087943447091093,3.1118274994168003,3.1118274994168003,3.9870818678919724,1.0,0.0,0.0,1.0,0.0,0.0,0.4779537225565506,0.8504103169952952,1.0388899468516355,0.030785965365381918,2.1687661395052085,2.2629280419842033
0,3.056121635961476,5.542361508776384,3.9576890281325676,5.542361508776384,1.0,0.0,0.0,0.0,0.0,0.0,1.9650032104110693,1.1386406099945765,2.356429393811704,0.38195163968850143,1.0380938264078712,0.7542877513214051
1,4.15913289805521,2.7757200354674523,2.7757200354674523,2.507641238019711,0.0,0.0,1.0,0.0,0.0,0.0,0.31915334977013327,0.6439167274127193,0.6992628241804346,0.9322562907099298,0.9165224081969364,1.7241958647282039
1,2.6899161495928317,1.0807342597581113,1.0807342597581113,2.881505700496305,1.0,0.0,0.0,1.0,1.0,0.0,0.09664863186879835,0.9837378144974196,2.6418923655862905,-0.23234382847025503,3.336853062031837,1.747956118651742
1,6.238358590132723,4.708680404135759,4.708680404135759,7.354182557764467,1.0,0.0,0.0,1.0,0.0,1.0,3.0450087293062813,0.07404874910016779,2.1630417796616026,1.9628462587644322,3.0238265261501467,1.6411233721717928
1,5.004389236379461,3.8617076503721375,3.8617076503721375,3.1718900269962504,0.0,1.0,1.0,1.0,0.0,0.0,1.1053602504905506,0.6539340930294596,0.31870648410563984,-0.25414897468607345,1.0989071598836677,0.9086142626948583
1,1.030256747524605,0.21755047285068052,0.21755047285068052,1.0503950129496422,1.0,0.0,1.0,0.0,0.0,0.0,-0.4015478807687163,0.27842329735908433,0.9326419362584928,-1.3903311141198273,-0.41283306557251276,0.6491687729353058
0,2.817944701214837,1.5595955628193043,-0.8812528406601869,1.5595955628193043,0.0,0.0,0.0,0.0,0.0,1.0,0.4278767092847176,0.07046260486992584,0.8934909821556007,0.21992223768871255,1.7627790487954655,1.8025335505569664
0,1.3686103288890672,2.3916781259820894,3.572797351926467,2.3916781259820894,0.0,0.0,1.0,0.0,0.0,0.0,-0.28727368988841073,0.07925764112896483,-1.0841118163845458,0.10818326369057563,0.4998367317399959,1.4784318711885898
0,2.1888793168313136,5.2394240799697425,2.788128785010387,5.2394240799697425,1.0,1.0,1.0,0.0,0.0,0.0,0.21021835374345832,0.36862558665870976,0.9216580117003695,0.4815825086959223,1.499394855299766,1.7458753488624907
0,2.294745218527829,2.802939512452455,1.8135308960179162,2.802939512452455,0.0,1.0,0.0,0.0,0.0,0.0,-0.009565914297531175,0.3683304032022192,-1.1311525664963982,-0.5373417168063943,1.8495948804843811,1.2311257471510317
1,2.69365333382666,2.1361096996375286,2.1361096996375286,3.766179113324244,0.0,0.0,1.0,0.0,1.0,1.0,1.102903311483775,-0.2610158226788337,-0.4111317566447037,-0.010837222843188776,1.8054309650264937,0.8110731787280063
0,-3.083398415199864,0.7716354321182941,-1.5042416820349183,0.7716354321182941,0.0,0.0,0.0,1.0,0.0,0.0,-0.2089854514132934,-0.001027893375660227,0.4633824335378526,-0.3568490430693647,0.3358031813617348,-0.44200553744371307
1,4.171333484620199,5.13107796345912,5.13107796345912,5.9653562608614425,0.0,1.0,1.0,0.0,0.0,0.0,0.43389084227526165,2.41818146519665,1.61863686830469,2.471394685355512,1.5341064215484304,2.624614694688771
0,-1.276740659992697,0.22079498505477194,1.688799284001895,0.22079498505477194,0.0,1.0,1.0,1.0,1.0,0.0,-1.0904390560664203,-0.6299070771963173,1.1172323318156052,0.47215143972446394,0.6987125870793613,0.6680619756382242
1,0.4481986572730846,-1.2733405918499023,-1.2733405918499023,0.48325910317286075,0.0,0.0,0.0,1.0,1.0,0.0,-0.22282910166643433,-0.7399219071547201,-0.7029728633896941,0.0022792438656322744,-0.7613448498057824,0.8663554829039242
0,0.7645586405567566,3.172553047104223,1.933402148505356,3.172553047104223,0.0,0.0,0.0,0.0,0.0,0.0,0.49336597553854816,1.0349578997960014,0.966349303952703,0.7187985786906831,1.7772078037705763,0.43017941822639827
1,6.205237944787689,4.616267662313667,4.616267662313667,4.208754166412623,1.0,0.0,1.0,0.0,0.0,0.0,0.7727695904659754,0.30721933159827164,-0.9926155514656807,0.6991289477713716,1.581068236616075,2.458025263998573
1,5.9831760787720265,3.6648545655661775,3.6648545655661775,5.173243394181512,1.0,1.0,1.0,0.0,0.0,0.0,0.4881187678687609,-0.6798546855828662,0.017449490122680267,0.9866192895779777,-0.1953570271399201,2.532030277703161
0,6.80866431659857,4.96881873968141,4.9064725090077435,4.96881873968141,0.0,0.0,0.0,0.0,0.0,0.0,3.06730699890503,0.629110644895824,1.62556593898249,1.3550062313794418,2.947466622828859,3.602509074850648
0,5.243988803460018,6.212477060657195,3.1446279856860446,6.212477060657195,1.0,0.0,0.0,0.0,0.0,0.0,1.3799601012451372,1.6564399957968936,0.1191828273205141,0.13568241873644382,1.070426976792656,1.2966228511296747
0,2.84256942485952,1.8338217849210552,-0.4152086325800357,1.8338217849210552,0.0,1.0,0.0,1.0,0.0,1.0,-0.9027926581140588,-0.15000433045847128,-0.3534372451630672,-0.9721024820773823,2.0284381987604894,1.0695314354144694
0,2.100255347663934,5.433319027507618,3.3810113007152376,5.433319027507618,1.0,0.0,1.0,0.0,0.0,0.0,0.505303336134582,1.0882966854466614,0.3192826489132179,-0.03265273580443506,2.5379922632754894,1.238724744920718
1,4.390359350719321,3.8438582427097945,3.8438582427097945,4.707581771735491,0.0,0.0,0.0,0.0,1.0,0.0,2.904493161106231,0.5366564328452261,1.485864689747153,0.8391980943554851,0.9109680177014934,1.6670888630280605
1,4.013546046887243,1.8574306764809345,1.8574306764809345,2.534647108492695,0.0,0.0,1.0,0.0,0.0,0.0,0.49092817338941663,0.7750159617902597,0.8766852712929003,0.007640204592650912,0.3714166015456559,2.0195938192705354
1,2.9762388929233183,0.6750938034803358,0.6750938034803358,2.0423971056689947,1.0,1.0,0.0,0.0,1.0,0.0,-0.38091959468719505,-0.9492428599207328,0.33806799799928744,0.08337696339646683,2.28987833312373,1.17984011563603
1,0.82451491341944,0.823560417285636,0.823560417285636,1.07494172437998,0.0,0.0,1.0,0.0,0.0,0.0,-0.031180903132873028,-1.314109568097521,1.2485748946808353,1.1692864568567414,2.041955147229599,1.097762885314928
1,3.505730696211944,1.024995703884284,1.024995703884284,3.1300024936862565,0.0,0.0,0.0,0.0,1.0,0.0,0.9572031677876445,1.2252129695945588,1.550887193229908,1.939937656129023,4.199840519997612,2.9281396816808067
1,1.8803569585298279,1.0502772534113847,1.0502772534113847,0.9531470655753937,0.0,1.0,1.0,1.0,0.0,1.0,0.0025039068384331564,0.05551565236230138,1.5718142766861682,-1.305166666721998,2.0087007389161085,-0.5701778500180348
1,6.741626821278844,2.8723154789142455,2.8723154789142455,5.595399470067124,1.0,1.0,1.0,0.0,0.0,0.0,0.8687321311419272,0.22271242638112188,-0.3067408169382897,0.16290483452438909,0.8575321705271814,1.6407753829311478
0,1.458946275294225,4.534563243955867,1.4997372017194708,4.534563243955867,0.0,0.0,0.0,0.0,0.0,0.0,0.9261712180661877,0.9215392293578993,1.5533732949786587,2.3817923760231094,0.42344852786694176,4.298038924519882
1,0.8636102123897451,1.2580068682364713,1.2580068682364713,2.6992481225855407,0.0,1.0,0.0,1.0,1.0,1.0,-0.19721294929206878,-0.19078236260279624,0.4977554539592975,0.6845266933345675,2.4078805268908963,0.8321305625157941
1,7.006182761730652,5.6814255479883276,5.6814255479883276,7.079613956263549,1.0,0.0,0.0,1.0,1.0,0.0,1.4278227464430304,2.258849128631085,1.8550138358585329,2.4044559572969737,2.3621660769171395,3.560484460969713
0,0.5945674142203974,3.5073845388564924,3.324078808116896,3.5073845388564924,1.0,1.0,1.0,1.0,0.0,0.0,-0.03753377778105682,-0.08561777386331604,0.01293838823291904,0.2051789232595711,1.75081084032007,-0.35571190651298634
0,2.2684448618062403,2.7648142624322616,0.42778905006786294,2.7648142624322616,1.0,0.0,1.0,0.0,1.0,1.0,0.6956658314371956,-0.5593057469786753,1.1447574505479143,-0.7367306762847818,1.646844210543669,1.5164936945555676
1,3.382006373732466,1.8962868731588243,1.8962868731588243,2.0401098017725765,0.0,0.0,0.0,1.0,0.0,1.0,0.5609285142293761,0.6429173914665137,1.3695690302596113,1.572735377006298,1.7096564538279269,1.3455713113419123
1,2.2255189778691737,1.8625741197938201,1.8625741197938201,1.630923432006314,0.0,0.0,0.0,0.0,1.0,0.0,0.631556705603421,-0.5226227169168989,-1.1982026706707918,-0.5676156815594735,0.6997843225279465,0.473192451918494
1,4.444864215102308,1.7057847424772838,1.7057847424772838,3.9295612898452066,1.0,1.0,0.0,1.0,0.0,0.0,0.7239823100725378,0.34298135597758933,2.3909277072663353,2.37686021678366,0.8470210298571823,1.5656368014076132
0,2.195666626247741,4.704104365556531,2.323233924292307,4.704104365556531,1.0,0.0,0.0,0.0,0.0,0.0,0.04500334494684588,-0.023945988166428567,-1.5083665047166643,0.07179869996992982,1.140487300504402,1.0472584925972979
1,0.45256937132002106,3.0295086591451197,3.0295086591451197,-0.4154230294260959,0.0,0.0,0.0,0.0,1.0,0.0,0.6916277225560947,0.22215699893421714,1.298744155787036,0.20621979945974256,0.41721765069827965,0.27216374267866894
1,5.04251151579832,2.698401550099131,2.698401550099131,3.717974902160413,0.0,1.0,0.0,0.0,0.0,0.0,0.9986112960138745,0.5880302933081227,0.6603670367147035,0.6501269531926965,2.0400955340978166,1.0376417711817945
0,1.580207757467008,4.6620132743661635,1.0899223640186442,4.6620132743661635,1.0,0.0,0.0,1.0,0.0,1.0,-0.3392572930905644,1.2490225828832826,0.4098276720736977,0.19294297813672845,1.2302897079604733,0.21354020334957458
1,3.990149067528339,2.163975558257242,2.163975558257242,5.245735931947264,1.0,1.0,1.0,1.0,0.0,0.0,0.8018907390331746,0.5478009640567223,1.634275919998864,1.6089757965535378,1.853472643735868,1.4021664273073575
0,4.948849190752662,8.594301685790368,5.866810655213178,8.594301685790368,1.0,1.0,1.0,0.0,0.0,1.0,1.247568608530198,1.8734363667194238,0.02097878133711273,1.843556556102006,1.6169096961917688,1.444274700924483
1,4.992759025347723,2.4920259054110243,2.4920259054110243,5.087831849838768,1.0,0.0,1.0,0.0,0.0,0.0,-0.6707868427943975,1.4017736963267926,0.7509685742470303,1.3690809844526166,0.842221791819538,3.294347233851597
1,5.551160507511217,4.4716021733274545,4.4716021733274545,5.7728918093600585,1.0,0.0,0.0,0.0,0.0,0.0,1.422660798647179,2.1514795579944264,1.1609657670782787,0.640351229287079,2.4696497504126844,1.9576455734984526
1,3.9592538098666443,3.28960454427665,3.28960454427665,5.590295182333486,1.0,0.0,0.0,0.0,0.0,0.0,0.9878322565030622,0.9363481375986341,0.08146989106529345,1.6709959680168334,1.4754551513660616,1.7440833999476748
1,5.999529638029379,3.9331175214571164,3.9331175214571164,3.6091180416630166,0.0,0.0,0.0,0.0,0.0,1.0,1.172863060475771,2.040382130221839,1.031681644250063,0.4161468773625816,1.773095170323053,0.44479339035954335
1,3.576067602912969,1.3041154694637715,1.3041154694637715,5.017671708800592,1.0,1.0,1.0,0.0,1.0,0.0,0.16513146970196457,0.6625797961130762,0.8258252502688487,-0.36848319040540867,1.2670398391528221,2.327192821691093
0,-1.5370644340811008,1.7489190864073705,0.08332815840999142,1.7489190864073705,0.0,0.0,1.0,0.0,0.0,0.0,-0.5554414539003969,-2.0204123756226107,-1.326243859078782,-1.9206917362229399,-0.691332845698108,-1.9782146623262329
0,1.0531839539313796,1.5160184626040254,0.9878147054424973,1.5160184626040254,0.0,0.0,0.0,1.0,0.0,0.0,-0.01392673005383882,-0.22338839955347245,0.2809194208963026,-0.385811752793773,0.991305898821345,1.3210299470927411
1,5.792906524447278,2.0332118049558434,2.0332118049558434,4.361911250536954,0.0,1.0,1.0,0.0,0.0,0.0,1.6838062108141254,0.2909775999169767,2.5583139507922192,1.9611677266179066,1.2518972997538582,2.3172057661597503
1,5.422164687071082,2.371974980925929,2.371974980925929,4.76891821474437,0.0,0.0,1.0,0.0,1.0,0.0,1.1598106937095642,0.8186525738972155,0.663767921745263,1.4347778759610843,-0.009898655665794509,1.0097843181260868
1,8.040735826454101,6.787319828862517,6.787319828862517,8.237463462634974,1.0,0.0,0.0,0.0,0.0,0.0,2.016702359597975,2.7778887167670083,1.7923656205508955,3.0771951030486786,3.153609304915388,0.9251196838043372
1,1.8731842294192926,1.078557967583218,1.078557967583218,0.8965194136900747,0.0,0.0,0.0,0.0,0.0,1.0,1.1259447660580229,-0.0950845418999553,0.3314338197246665,0.5506630201161228,0.396870236465098,1.2758272082138558
1,2.9695410050628337,3.0697605520983737,3.0697605520983737,3.6811119806494,0.0,1.0,1.0,0.0,0.0,0.0,0.6494898561382891,0.6630553182452438,-0.11833514315171079,-0.26915303964573845,0.16637700105815112,1.7127241874601604
1,4.290910386207431,3.8136466668488063,3.8136466668488063,5.791964974444781,1.0,1.0,0.0,0.0,0.0,1.0,0.6634169913263622,1.5659644668169572,2.572539427093732,1.5394848224072135,1.3426481794154324,1.1962703467574844
0,2.2984369571397654,4.1251756451481585,2.8727406172532817,4.1251756451481585,0.0,0.0,1.0,0.0,0.0,0.0,-0.3630724205822715,1.2933452606332365,-1.4188227746713553,3.0019858091228686,2.356274652448602,2.7212129888360153
1,1.5974085031043002,1.3314550797309914,1.3314550797309914,1.6392892934387957,0.0,0.0,1.0,0.0,1.0,0.0,-0.6217262416421274,0.9721502462450462,-0.6715757300759637,-1.104589846083534,0.7945886835047513,-0.049231741205778334
